<?xml version="1.0" encoding="UTF-8"?>
<!DOCTYPE suite SYSTEM "https://testng.org/testng-1.0.dtd">
<suite parallel="tests" name="Suite" verbose="5">
  <test thread-count="5" parallel="tests" name="EngTest">
   <parameter name="language" value="English"></parameter>
    <classes>
  <class name="testcases.TC002_CreateLead"/>   
   </classes>
  </test> <!-- Test --><test thread-count="5" parallel="tests" name="FrenchTest">
    <parameter name="language" value="French"></parameter>
    <classes>
  <class name="testcases.TC002_CreateLead"/>    </classes>
  </test> <!-- Test -->
</suite> <!-- Suite -->
